路徑,用途,bytes,寬,高,透明像素,現有快取草稿涵蓋,建議載入時機
images/brand/learning-planet-brand-v1.png,首頁／登入／星球共用,1011141,2172,724,有,是,實際使用後保存；不在登入前預抓全部
images/brand/learning-planet-symbol-v1.png,首頁／登入／星球共用,370606,730,724,有,是,實際使用後保存；不在登入前預抓全部
images/english-category-v1/abstract-v1.png,英文分類,249541,420,420,有,否,實際使用後保存；不在登入前預抓全部
images/english-category-v1/animals-v1.png,英文分類,250302,420,420,有,否,實際使用後保存；不在登入前預抓全部
images/english-category-v1/daily-life-v1.png,英文分類,257421,420,420,有,否,實際使用後保存；不在登入前預抓全部
images/english-category-v1/food-v1.png,英文分類,253056,420,420,有,否,實際使用後保存；不在登入前預抓全部
images/english-category-v1/nature-v1.png,英文分類,228948,420,420,有,否,實際使用後保存；不在登入前預抓全部
images/english-category-v1/people-v1.png,英文分類,255087,420,420,有,否,實際使用後保存；不在登入前預抓全部
images/english-category-v1/school-v1.png,英文分類,213555,420,420,有,否,實際使用後保存；不在登入前預抓全部
images/english-category-v1/supplies-v1.png,英文分類,225431,420,420,有,否,實際使用後保存；不在登入前預抓全部
images/english-category-v1/transport-v1.png,英文分類,224397,420,420,有,否,實際使用後保存；不在登入前預抓全部
images/experiments/buoyancy.svg,單元入口,376,,,SVG保留,否,實際使用後保存；不在登入前預抓全部
images/experiments/car.svg,單元入口,486,,,SVG保留,否,實際使用後保存；不在登入前預抓全部
images/experiments/clock.svg,單元入口,397,,,SVG保留,否,實際使用後保存；不在登入前預抓全部
images/experiments/cube.svg,單元入口,473,,,SVG保留,否,實際使用後保存；不在登入前預抓全部
images/experiments/earth-lab.svg,單元入口,1060,,,SVG保留,否,實際使用後保存；不在登入前預抓全部
images/experiments/mini4wd-diagram.svg,單元入口,771,,,SVG保留,否,實際使用後保存；不在登入前預抓全部
images/experiments/optics.svg,單元入口,1188,,,SVG保留,否,實際使用後保存；不在登入前預抓全部
images/home/hud/gacha-planet-v2.png,首頁／登入／星球共用,2050171,1254,1254,有,是,實際使用後保存；不在登入前預抓全部
images/home/hud/weekly-planet-v1.png,首頁／登入／星球共用,745684,720,720,有,是,實際使用後保存；不在登入前預抓全部
images/home/learning-planet-hero-v1.png,首頁／登入／星球共用,2169918,1672,941,無,是,實際使用後保存；不在登入前預抓全部
images/home/planets/chinese-planet-v1.png,首頁／登入／星球共用,2760352,1254,1254,無,是,實際使用後保存；不在登入前預抓全部
images/home/planets/english-planet-v1.png,首頁／登入／星球共用,2898939,1254,1254,無,是,實際使用後保存；不在登入前預抓全部
images/home/planets/experiment-planet-v1.png,首頁／登入／星球共用,2948791,1254,1254,無,是,實際使用後保存；不在登入前預抓全部
images/home/planets/math-planet-v1.png,首頁／登入／星球共用,2942301,1254,1254,無,是,實際使用後保存；不在登入前預抓全部
images/home/planets/story-planet-v1.png,首頁／登入／星球共用,1685919,1254,1254,有,是,實際使用後保存；不在登入前預抓全部
images/login/cat-starfighter-v1.png,首頁／登入／星球共用,2128026,1254,1254,有,是,實際使用後保存；不在登入前預抓全部
images/login/dog-ufo-v1.png,首頁／登入／星球共用,1904965,1536,1024,有,是,實際使用後保存；不在登入前預抓全部
images/login/launch-rocket-v1.png,首頁／登入／星球共用,813387,1254,1254,有,是,實際使用後保存；不在登入前預抓全部
images/login/teacher-satellite-v1.png,首頁／登入／星球共用,1175409,1254,1254,有,是,實際使用後保存；不在登入前預抓全部
images/math-grade1/v2/addition-within-50-v2.png,單元入口,108244,720,720,有,否,實際使用後保存；不在登入前預抓全部
images/math-grade1/v2/addition-within-99-v2.png,單元入口,176580,720,720,有,否,實際使用後保存；不在登入前預抓全部
images/math-grade1/v2/calculation-chain-v2.png,單元入口,85641,720,720,有,否,實際使用後保存；不在登入前預抓全部
images/math-grade1/v2/coin-stack-v2.png,單元入口,222819,720,720,有,否,實際使用後保存；不在登入前預抓全部
images/math-grade1/v2/counting-cubes-v2.png,單元入口,179260,720,720,有,否,實際使用後保存；不在登入前預抓全部
images/math-grade1/v2/counting-magnifier-v2.png,單元入口,188644,720,720,有,否,實際使用後保存；不在登入前預抓全部
images/math-grade1/v2/division-groups-v2.png,單元入口,149081,720,720,有,否,實際使用後保存；不在登入前預抓全部
images/math-grade1/v2/flat-shapes-v2.png,單元入口,175656,720,720,有,否,實際使用後保存；不在登入前預抓全部
images/math-grade1/v2/fraction-half-v2.png,單元入口,187739,720,720,有,否,實際使用後保存；不在登入前預抓全部
images/math-grade1/v2/memory-cards-v2.png,單元入口,207924,720,720,有,否,實際使用後保存；不在登入前預抓全部
images/math-grade1/v2/multiplication-array-v2.png,單元入口,188065,720,720,有,否,實際使用後保存；不在登入前預抓全部
images/math-grade1/v2/number-line-v2.png,單元入口,77641,720,720,有,否,實際使用後保存；不在登入前預抓全部
images/math-grade1/v2/order-path-v2.png,單元入口,178430,720,720,有,否,實際使用後保存；不在登入前預抓全部
images/math-grade1/v2/puzzle-shapes-v2.png,單元入口,220185,720,720,有,否,實際使用後保存；不在登入前預抓全部
images/math-grade1/v2/subtraction-within-50-v2.png,單元入口,111591,720,720,有,否,實際使用後保存；不在登入前預抓全部
images/math-grade1/v2/subtraction-within-99-v2.png,單元入口,143819,720,720,有,否,實際使用後保存；不在登入前預抓全部
images/math-grade1/v2/unit-01-numbers-within-10-v2.png,單元入口,304696,720,720,有,否,實際使用後保存；不在登入前預抓全部
images/math-grade1/v2/unit-02-compare-v2.png,單元入口,170298,720,720,有,否,實際使用後保存；不在登入前預抓全部
images/math-grade1/v2/unit-03-order-v2.png,單元入口,227502,720,720,有,否,實際使用後保存；不在登入前預抓全部
images/math-grade1/v2/unit-04-number-bonds-v2.png,單元入口,195587,720,720,有,否,實際使用後保存；不在登入前預抓全部
images/math-grade1/v2/unit-05-solids-v2.png,單元入口,240836,720,720,有,否,實際使用後保存；不在登入前預抓全部
images/math-grade1/v2/unit-06-numbers-within-30-v2.png,單元入口,76480,720,720,有,否,實際使用後保存；不在登入前預抓全部
images/math-grade1/v2/unit-07-addition-v2.png,單元入口,222955,720,720,有,否,實際使用後保存；不在登入前預抓全部
images/math-grade1/v2/unit-08-subtraction-v2.png,單元入口,237568,720,720,有,否,實際使用後保存；不在登入前預抓全部
images/math-grade1/v2/unit-09-time-v2.png,單元入口,287904,720,720,有,否,實際使用後保存；不在登入前預抓全部
images/math-grade2/v1/u10-fraction-introduction-v1.png,單元入口,172185,720,720,有,否,實際使用後保存；不在登入前預抓全部
images/math-grade2/v1/u11-fraction-comparison-v1.png,單元入口,112856,720,720,有,否,實際使用後保存；不在登入前預抓全部
images/math-grade2/v1/u12-animal-leg-reasoning-v1.png,單元入口,125223,720,720,有,否,實際使用後保存；不在登入前預抓全部
images/math-grade2/v1/u13-three-digit-add-sub-v1.png,單元入口,177170,720,720,有,否,實際使用後保存；不在登入前預抓全部
images/math-grade2/v1/u22-continuous-add-sub-v1.png,單元入口,99132,720,720,有,否,實際使用後保存；不在登入前預抓全部
images/math-grade2/v1/u23-addition-within-200-v1.png,單元入口,197142,720,720,有,否,實際使用後保存；不在登入前預抓全部
images/math-grade2/v1/u24-subtraction-within-200-v1.png,單元入口,168888,720,720,有,否,實際使用後保存；不在登入前預抓全部
images/math-grade2/v1/u25-addition-within-500-v1.png,單元入口,170162,720,720,有,否,實際使用後保存；不在登入前預抓全部
images/math-grade2/v1/u26-subtraction-within-500-v1.png,單元入口,110899,720,720,有,否,實際使用後保存；不在登入前預抓全部
images/math-grade2/v1/u27-tens-times-ones-v1.png,單元入口,141694,720,720,有,否,實際使用後保存；不在登入前預抓全部
images/math-grade2/v1/u28-tens-times-ones-challenge-v1.png,單元入口,198054,720,720,有,否,實際使用後保存；不在登入前預抓全部
images/math-grade2/v1/u30-measurement-lab-v1.png,單元入口,221271,720,720,有,否,實際使用後保存；不在登入前預抓全部
images/math-grade2/v1/u32-cube-spatial-reasoning-v1.png,單元入口,176277,720,720,有,否,實際使用後保存；不在登入前預抓全部
images/math-grade2/v1/u37-two-digit-add-sub-challenge-v1.png,單元入口,218428,720,720,有,否,實際使用後保存；不在登入前預抓全部
images/math-grade2/v1/u47-three-digit-addition-drag-v1.png,單元入口,140465,720,720,有,否,實際使用後保存；不在登入前預抓全部
images/math-grade2/v1/u48-three-digit-subtraction-drag-v1.png,單元入口,109108,720,720,有,否,實際使用後保存；不在登入前預抓全部
images/math-grade2/v1/u49-column-multiplication-drag-v1.png,單元入口,137118,720,720,有,否,實際使用後保存；不在登入前預抓全部
images/math-grade2/v1/u5-two-digit-add-sub-v1.png,單元入口,208500,720,720,有,否,實際使用後保存；不在登入前預抓全部
images/math-grade2/v1/u6-multiplication-table-v1.png,單元入口,326138,720,720,有,否,實際使用後保存；不在登入前預抓全部
images/math-grade2/v1/u7-clock-and-time-v1.png,單元入口,215310,720,720,有,否,實際使用後保存；不在登入前預抓全部
images/math-grade2/v1/u8-centimeter-and-meter-v1.png,單元入口,83064,720,720,有,否,實際使用後保存；不在登入前預抓全部
images/math-grade2/v1/u9-equal-sharing-v1.png,單元入口,166294,720,720,有,否,實際使用後保存；不在登入前預抓全部
images/math-grade3/v1/u39-exact-division-v1.png,單元入口,210164,720,720,有,否,實際使用後保存；不在登入前預抓全部
images/math-grade3/v1/u40-two-digit-long-division-v1.png,單元入口,147298,720,720,有,否,實際使用後保存；不在登入前預抓全部
images/math-grade3/v1/u41-three-digit-long-division-v1.png,單元入口,154568,720,720,有,否,實際使用後保存；不在登入前預抓全部
images/math-grade3/v1/u42-division-checking-v1.png,單元入口,241561,720,720,有,否,實際使用後保存；不在登入前預抓全部
images/math-grade3/v1/u43-improper-mixed-fractions-v1.png,單元入口,117907,720,720,有,否,實際使用後保存；不在登入前預抓全部
images/math-grade3/v1/u44-same-denominator-comparison-v1.png,單元入口,168139,720,720,有,否,實際使用後保存；不在登入前預抓全部
images/math-grade3/v1/u45-same-denominator-addition-v1.png,單元入口,169688,720,720,有,否,實際使用後保存；不在登入前預抓全部
images/math-grade3/v1/u46-same-denominator-subtraction-v1.png,單元入口,151801,720,720,有,否,實際使用後保存；不在登入前預抓全部
images/math-grade3/v1/u50-grid-area-v1.png,單元入口,197654,720,720,有,否,實際使用後保存；不在登入前預抓全部
images/math-grade3/v1/u51-angle-types-v1.png,單元入口,81306,720,720,有,否,實際使用後保存；不在登入前預抓全部
images/math-grade3/v1/u58-place-value-ten-thousand-v1.png,單元入口,115566,720,720,有,否,實際使用後保存；不在登入前預抓全部
images/math-grade3/v1/u59-four-digit-add-sub-v1.png,單元入口,179367,720,720,有,否,實際使用後保存；不在登入前預抓全部
images/math-grade3/v1/u60-multi-digit-multiplication-v1.png,單元入口,157285,720,720,有,否,實際使用後保存；不在登入前預抓全部
images/math-grade3/v1/u61-millimeter-conversion-v1.png,單元入口,95422,720,720,有,否,實際使用後保存；不在登入前預抓全部
images/math-grade3/v1/u62-decimal-tenths-v1.png,單元入口,62143,720,720,有,否,實際使用後保存；不在登入前預抓全部
images/math-grade4/v1/u52-protractor-angle-v1.png,單元入口,179161,720,720,有,否,實際使用後保存；不在登入前預抓全部
images/math-grade4/v1/u53-rectangle-square-area-v1.png,單元入口,149528,720,720,有,否,實際使用後保存；不在登入前預抓全部
images/math-grade5/v1/u54-cuboid-cube-volume-v1.png,單元入口,182057,720,720,有,否,實際使用後保存；不在登入前預抓全部
images/math-grade5/v1/u55-capacity-conversion-v1.png,單元入口,160604,720,720,有,否,實際使用後保存；不在登入前預抓全部
images/math-grade5/v1/u56-triangle-area-v1.png,單元入口,195404,720,720,有,否,實際使用後保存；不在登入前預抓全部
images/math-grade6/v1/u57-circle-circumference-area-v1.png,單元入口,226634,720,720,有,否,實際使用後保存；不在登入前預抓全部
images/subject-unit-icons/v1/chinese-library-v1.png,單元入口,219347,720,720,有,否,實際使用後保存；不在登入前預抓全部
images/subject-unit-icons/v1/chinese-quiz-v1.png,單元入口,246922,720,720,有,否,實際使用後保存；不在登入前預抓全部
images/subject-unit-icons/v1/chinese-writing-v1.png,單元入口,203230,720,720,有,否,實際使用後保存；不在登入前預抓全部
images/subject-unit-icons/v1/english-association-v1.png,單元入口,228671,720,720,有,否,實際使用後保存；不在登入前預抓全部
images/subject-unit-icons/v1/english-chain-v1.png,單元入口,144674,720,720,有,否,實際使用後保存；不在登入前預抓全部
images/subject-unit-icons/v1/english-grammar-v1.png,單元入口,217018,720,720,有,否,實際使用後保存；不在登入前預抓全部
images/subject-unit-icons/v1/english-library-v1.png,單元入口,241707,720,720,有,否,實際使用後保存；不在登入前預抓全部
images/subject-unit-icons/v1/english-match-v1.png,單元入口,197505,720,720,有,否,實際使用後保存；不在登入前預抓全部
images/subject-unit-icons/v1/english-scramble-v1.png,單元入口,238512,720,720,有,否,實際使用後保存；不在登入前預抓全部
images/subject-unit-icons/v2/chinese-grade2-library-v2.png,單元入口,265918,720,720,有,否,實際使用後保存；不在登入前預抓全部
images/subject-unit-icons/v2/chinese-grade2-quiz-v2.png,單元入口,265061,720,720,有,否,實際使用後保存；不在登入前預抓全部
images/subject-unit-icons/v2/chinese-grade2-writing-v2.png,單元入口,238025,720,720,有,否,實際使用後保存；不在登入前預抓全部
images/subject-unit-icons/v2/english-grade2-association-v2.png,單元入口,176864,720,720,有,否,實際使用後保存；不在登入前預抓全部
images/subject-unit-icons/v2/english-grade2-chain-v2.png,單元入口,154484,720,720,有,否,實際使用後保存；不在登入前預抓全部
images/subject-unit-icons/v2/english-grade2-grammar-v2.png,單元入口,180146,720,720,有,否,實際使用後保存；不在登入前預抓全部
images/subject-unit-icons/v2/english-grade2-library-v2.png,單元入口,247603,720,720,有,否,實際使用後保存；不在登入前預抓全部
images/subject-unit-icons/v2/english-grade2-match-v2.png,單元入口,170062,720,720,有,否,實際使用後保存；不在登入前預抓全部
images/subject-unit-icons/v2/english-grade2-scramble-v2.png,單元入口,215789,720,720,有,否,實際使用後保存；不在登入前預抓全部
images/subject-unit-icons/v2/experiment-day-night-v2.png,單元入口,262230,720,720,有,否,實際使用後保存；不在登入前預抓全部
images/subject-unit-icons/v2/experiment-dissolve-v2.png,單元入口,209401,720,720,有,否,實際使用後保存；不在登入前預抓全部
images/subject-unit-icons/v2/experiment-earth-orbit-v2.png,單元入口,191121,720,720,有,否,實際使用後保存；不在登入前預抓全部
images/subject-unit-icons/v2/experiment-magnet-ii-v2.png,單元入口,237932,720,720,有,否,實際使用後保存；不在登入前預抓全部
images/subject-unit-icons/v2/experiment-magnet-v2.png,單元入口,199002,720,720,有,否,實際使用後保存；不在登入前預抓全部
images/subject-unit-icons/v2/experiment-plant-water-v2.png,單元入口,199145,720,720,有,否,實際使用後保存；不在登入前預抓全部
images/ui/no-sound-rounded.svg,共用SVG按鈕,460,,,SVG保留,否,實際使用後保存；不在登入前預抓全部
images/ui/phonics-consonants.svg,單元入口,566,,,SVG保留,否,實際使用後保存；不在登入前預抓全部
images/ui/phonics-reading.svg,單元入口,567,,,SVG保留,否,實際使用後保存；不在登入前預抓全部
images/ui/phonics-vowels.svg,單元入口,566,,,SVG保留,否,實際使用後保存；不在登入前預抓全部
images/ui/sound-rounded.svg,共用SVG按鈕,544,,,SVG保留,否,實際使用後保存；不在登入前預抓全部
